ID,Area,Centre x,Centre y,Radius
323.0,200.0,1128.0,864.0,8.06225774829855
791.0,1000.0,708.0,589.0,17.88854381999832
874.0,1000.0,17.0,934.0,17.88854381999832
947.0,8000.0,208.0,881.0,50.44799302251776
962.0,14400.0,268.0,410.0,67.68308503607086
971.0,6000.0,622.0,960.0,43.73785545725808
974.0,400.0,373.0,61.0,11.180339887498949
977.0,50600.0,381.0,600.0,126.92123541787639
979.0,18400.0,752.0,269.0,76.53103945458993
