ID,Area,Centre x,Centre y,Radius
323.0,200.0,1150.0,851.0,8.06225774829855
791.0,1000.0,735.0,608.0,17.88854381999832
874.0,1000.0,39.0,957.0,17.88854381999832
947.0,8000.0,228.0,882.0,50.44799302251776
962.0,14400.0,244.0,352.0,67.68308503607086
971.0,6000.0,589.0,983.0,43.73785545725808
974.0,400.0,389.0,59.0,11.180339887498949
977.0,50600.0,383.0,565.0,126.92123541787639
979.0,18400.0,719.0,289.0,76.53103945458993
